,hyp,values
0,s_1,7.504621879411995
1,ls_2,0.0025703558845062546
2,s_3,230.20551125457655
3,ls_4,4616.449922003608
4,ls_5,1.4432343134060417
5,s_6,6.159911871009165
6,ls_7,1.5766088698560267e-05
7,n_8,0.5399501249622797
