,hyp,values
0,s_1,1.8287968507165715
1,ls_2,4584.668832417365
2,ls_3,1.4149673978326598
3,s_4,0.0047853150109584955
4,ls_5,7.603035685668945
5,n_6,0.08116651989032687
