,mean,sd,mc_error,hpd_2.5,hpd_97.5,n_eff,Rhat
s_1,1.01137,0.34796,0.00769,0.46233,1.73561,1688.66849,1.00020
ls_2,4117.03182,1345.67009,27.85166,1999.59575,6608.76556,2225.39439,0.99988
ls_3,0.93612,0.11720,0.00267,0.72318,1.17426,1672.88035,1.00084
s_4,0.07240,0.02344,0.00055,0.03569,0.11685,2042.40966,1.00044
ls_5,147.44313,68.78803,1.86396,47.94570,277.26904,1479.24728,1.00033
n_6,0.20602,0.01168,0.00023,0.18177,0.22835,2619.25830,0.99987
