,mean,sd,mc_error,hpd_2.5,hpd_97.5,n_eff,Rhat
s_1,51.62,57.98,2.62,5.55,163.21,375.44,1.004615
ls_2,742.85,442.74,21.46,135.87,1643.02,313.03,1.003209
s_3,77.13,34.18,1.66,25.47,139.75,311.91,0.999682
ls_4,4164.46,1574.93,76.15,1667.80,7051.80,369.88,1.000606
ls_5,0.40,0.06,0.00,0.29,0.52,339.08,0.999545
s_6,5.08,0.71,0.04,3.50,6.26,178.94,1.000209
ls_7,0.00,0.00,0.00,0.00,0.01,885.29,0.999802
n_8,0.85,0.62,0.03,0.14,1.99,194.66,1.000152
