,mean,sd,mc_error,hpd_2.5,hpd_97.5,n_eff,Rhat
s_1,133.05591087302895,43.172414622351006,1.865222773984121,62.29388629663751,218.71269007294808,432.2839985341564,1.003935964979035
ls_2,4488.802955053982,1441.740130326118,55.48613874073383,2015.2187428191412,7230.072198558518,686.1723350411654,1.0052278238466896
ls_3,0.9663995642970603,0.11259899282075397,0.004708205177340907,0.7558259128757622,1.1849897564713188,517.7419721574156,1.0047604028055865
s_4,12.155819229870126,5.586163369417815,0.20665255314543338,4.820490195064472,22.094200862946035,616.9179237016043,1.00071477431408
ls_5,229.15654811331427,73.09556511515312,2.9310469305158398,67.77711390542092,359.3148111042888,517.3306230621631,1.0012745679793162
n_6,2.3021129084917265,0.11609594253514967,0.0039717691575282986,2.0806586913075993,2.528910971820248,851.6445366038978,0.999267810708514
