,mean,sd,mc_error,hpd_2.5,hpd_97.5,n_eff,Rhat
s_1,337.12516125866114,40.85851784021477,1.3975521147544447,262.7035431983457,421.5738531640831,845.6431629197037,0.9993429974775725
ls_2,5270.1458744234,1099.4882394247254,36.85841692416245,3224.1140967499896,7406.643736298843,877.4642959960667,0.9990059766726332
ls_3,0.6289129085672234,0.049425946925742155,0.0012917189411728066,0.5300994463070987,0.7218145638797624,1286.2468315675828,0.9992735963797522
n_4,2.204374319999822,0.12598636578799646,0.00385409986375947,1.9865669863666515,2.4794867426277536,918.7829945079965,0.9998545071787192
