,mean,sd,mc_error,hpd_2.5,hpd_97.5,n_eff,Rhat
log_ls,1.2666214967121938,2.099265703332307,0.10419159928526664,-3.6793313483130703,4.9716335996974035,324.61727084580673,1.0028455478914202
ls,11.49752360944955,20.126013695304433,0.9516699184025385,0.006917788212760837,43.06408923936175,438.4893588711453,1.0007086425986575
log_n,-0.8337656317307671,2.521085944277488,0.1277146357554878,-4.931668052992179,2.8409218001868775,246.917682920404,1.001525721501007
noise_sd,3.791345743598667,6.375532794327566,0.31200339262693233,0.006752725320393359,16.443076836540154,256.2978757672003,1.0034254380212775
log_s,1.9482611702582524,1.8989139890092745,0.10032788677684552,-3.195587017681266,4.32596253847762,219.22766746508537,1.004671246813485
sig_sd,16.012671805746052,17.75721117470037,0.8920207216806327,0.006976091263967468,48.69096155363423,250.66870862841057,1.0181142934442207
