,mean,sd,mc_error,hpd_2.5,hpd_97.5,n_eff,Rhat
log_ls,1.3619339709998564,0.5579825493628131,0.01403174023082587,0.29518260519701833,2.4713170129201414,1530.389798736321,1.0001875022976072
ls,4.560205263593691,2.7848155421718244,0.07698742409904923,0.7166601556496002,9.703975312899475,1306.435088408254,1.0003939990668094
log_n,1.8397022358594632,0.14416324877564976,0.003021117609623526,1.5825403062984194,2.149563775431713,2011.3071513715954,0.9998399770349025
noise_sd,6.3606404437042805,0.9266623047196652,0.019621265418610173,4.604047539531629,8.185961024275377,2034.2938334991077,0.9998470847733855
log_s,2.5924050384163975,0.42685423881852985,0.011506958572588962,1.8244985776382494,3.4600833554276207,1300.338090819131,0.9997438116081981
sig_sd,14.873841433356363,8.865558468328219,0.2742996151063096,5.875517964327822,30.519172286978417,925.613674199598,0.9997028231632374
