,sig_var_1,ls_2,sig_var_3,ls_4,ls_5,sig_var_6,ls_7,alpha_8,sig_var_9,ls_10,noise_11
ml,18.869964894445737,116.74202288145031,0.008152912431997679,111.62872136183907,1.4627056211643708,5.696119416137326,48.68397889033,9.999999999999997e-06,18.869964894445737,116.74202288145031,5.5224746999955794e-05
