,sig_var_1,ls_2,sig_var_3,ls_4,ls_5,sig_var_6,ls_7,alpha_8,sig_var_9,ls_10,noise_11
ml,5.629220281299956,59.01902529184563,1.0,149.99999999999997,3.278258703495674,0.10000000000000002,10.000000000000002,0.393113774344426,0.00013214233675671507,0.33146467599919033,6.275086713888199e-05
